1,Woman,Oren Meran ,3,2016-11-10,500
2,Woman,Woodrow Clowley,1,2017-11-07,401
3,Woman,Shann aSimenon,2,2017-05-07,491
4,Woman,KitGh eorghe,2,2017-1-01,371
5,Woman,Gianna Twelvetree,1,2019-2-11,329
6,Woman,FanyaY errill,5,2021-3-04,289
7,Woman,HamlenO penshaw,3,2016-7-11,284
8,Woman,Yasmin Jarritt,1,2019-08-02,442
9,Woman,ArchCa mmell,5,2018-05-03,475
10,Woman,Regina Sorrill,1,2018-03-06,312
11,Woman,Marcell ineMesser,1,2017-6-02,204
12,Woman,CaraDu rrance,3,2017-5-11,271
13,Woman,LettiRi veles,4,2020-6-11,323
14,Woman,HowieW asiel,1,2017-2-04,484
15,Woman,Brunh ildeButen,2,2018-03-08,330
16,Woman,DaltBa rtoletti,4,2017-10-04,475
17,Woman,Sol Wherton,5,2017-8-11,355
18,Woman,Paten Leckie,4,2019-9-03,233
19,Woman,Jenni leeMarriage,5,2016-10-11,388
20,Man,Waldon Megany,3,2019-05-03,271
21,Man,Ardelia Trebilcock,3,2019-3-07,400
22,Man,Karel Lardiner,1,2021-02-02,473
23,Man,Ritchie Edmund,4,2017-06-08,432
24,Man,WindhamTrowle,5,2019-3-02,496
25,Man,CchaddiePortch,5,2018-4-11,209
26,Man,Zed Janecek,1,2019-7-05,370
27,Man,Giselle Nisius,4,2018-2-09,447
28,Man,Ricky Grastye,3,2021-5-04,477
29,Man,Nerta Creighton,1,2017-8-12,329
30,Man,Debra Ramberg,5,2016-4-09,244
